time,current
0,0.001
0.4,10
0.400001,0.001
0.5,10
0.500001,0.001
1,0.001
